date,actual,pred_proba,prediction
2023-01-01,2046.26,0.03328749286271941,0
2023-01-02,2064.09,0.01536516694750132,0
2023-01-03,2061.06,0.019605462474445404,0
2023-01-04,2125.84,0.012341902807809328,0
2023-01-05,2143.93,0.028054522140521086,0
2023-01-08,2164.61,0.04887764675265415,0
2023-01-09,2211.76,0.06602725914048413,0
2023-01-10,2190.42,0.09247736698019066,0
2023-01-12,2149.39,0.0588387982125738,0
2023-01-17,2182.11,0.041899705951753775,0
2023-01-18,2173.1,0.037339007441905235,0
2023-01-19,2178.81,0.027106737837681225,0
2023-01-23,2165.1,0.02368889832123549,0
2023-01-24,2173.25,0.032502921621153584,0
2023-01-25,2183.62,0.03201926161391995,0
2023-01-26,2183.21,0.04884091554692338,0
2023-01-29,2168.53,0.028980768813123302,0
2023-01-30,2127.52,0.02637920220852912,0
2023-01-31,2111.68,0.03923554294713725,0
2023-02-01,2116.65,0.045534176526978186,0
2023-02-02,2094.54,0.02196516669390406,0
2023-02-05,2096.08,0.024880362676800234,0
2023-02-06,2100.7,0.01549175077373168,0
2023-02-07,2177.34,0.024110245176645,0
2023-02-08,2170.21,0.029788826219401928,0
2023-02-09,2182.61,0.03307527227002021,0
2023-02-12,2121.75,0.05570892844305083,0
2023-02-14,2105.46,0.06640594671024531,0
2023-02-15,2091.56,0.03934074661712423,0
2023-02-16,2070.41,0.06843182785751173,0
2023-02-20,2046.81,0.14559755602273974,0
2023-02-22,2080.38,0.05367488789577898,0
2023-02-23,2022.64,0.059968355622120995,0
2023-02-26,2027.19,0.02222842413385925,0
2023-02-27,2023.54,0.042653564049330184,0
2023-02-28,2019.93,0.028046618649954922,0
2023-03-01,1995.49,0.03574290157692307,0
2023-03-02,1967.45,0.011559571116541618,0
2023-03-05,1938.25,0.0657299847446319,0
2023-03-07,1952.66,0.012998898007525937,0
2023-03-09,2002.7,0.017921599544607692,0
2023-03-12,1975.89,0.030236102208431585,0
2023-03-13,1951.21,0.04268018761025386,0
2023-03-14,1953.06,0.04232562186142519,0
2023-03-15,1938.62,0.030450994611666008,0
2023-03-16,1933.31,0.044782249449100975,0
2023-03-19,1926.4,0.039546959475448694,0
2023-03-20,1949.06,0.04930103458495807,0
2023-03-22,1933.29,0.1200880725645229,0
2023-03-23,1915.14,0.1081188889602003,0
2023-03-26,1888.27,0.0762531214602288,0
2023-03-27,1906.0,0.12442785098055757,0
2023-03-28,1918.1,0.09312024152640294,0
2023-03-29,1919.42,0.015701971639726787,0
2023-03-30,1908.55,0.01631714549471964,0
2023-04-02,1888.55,0.0769614898250723,0
2023-04-03,1871.88,0.05716578727716078,0
2023-04-04,1866.68,0.03269054234304033,0
2023-04-05,1875.07,0.05226790283629544,0
2023-04-06,1866.79,0.017158201255950405,0
2023-04-09,1838.48,0.3588662520454714,0
2023-04-10,1844.02,0.08959920798211538,0
2023-04-11,1871.33,0.17439388014023874,0
2023-04-12,1963.55,0.15633159635678434,0
2023-04-13,1934.47,0.04179745739332975,0
2023-04-16,1931.68,0.08630127211316892,0
2023-04-17,1908.04,0.03334171356918709,0
2023-04-18,1904.98,0.03401126500601866,0
2023-04-19,1920.12,0.012262933784745609,0
2023-04-20,1904.4,0.043346780211507015,0
2023-04-23,1885.6,0.019603604374610097,0
2023-04-24,1888.32,0.013183247004301218,0
2023-04-25,1905.68,0.01672467793440455,0
2023-04-26,1892.0,0.04519913182339124,0
2023-04-27,1889.73,0.030123099995711205,0
2023-04-30,1870.65,0.2880537203923375,0
2023-05-02,1866.4,0.03404710011190767,0
2023-05-03,1857.23,0.08620954319700995,0
2023-05-04,1869.73,0.11838064311045782,0
2023-05-07,1850.61,0.14106499399131503,0
2023-05-08,1833.69,0.11490365334098009,0
2023-05-09,1844.36,0.03533648632855553,0
2023-05-10,1841.93,0.03013412471174519,0
2023-05-11,1838.59,0.07843245070875628,0
2023-05-14,1821.64,0.06017640658049609,0
2023-05-15,1818.31,0.2991078443177315,0
2023-05-16,1821.6,0.12861003606826643,0
2023-05-17,1845.01,0.043896188738871564,0
2023-05-18,1877.32,0.06276914187141563,0
2023-05-21,1883.2,0.06790659693031384,0
2023-05-22,1891.31,0.10823500786072157,0
2023-05-23,1942.63,0.10174880607270861,0
2023-05-24,1959.12,0.0729996164442346,0
2023-05-28,1941.74,0.05116027101236519,0
2023-05-30,1888.61,0.14520924100320745,0
2023-05-31,1849.79,0.4054673654982092,0
2023-06-01,1866.34,0.3208103245444806,0
2023-06-04,1919.37,0.29350249204397116,0
2023-06-05,1901.99,0.30524982079805857,0
2023-06-06,1927.65,0.3261776229908283,0
2023-06-07,1932.33,0.24991355645498853,0
2023-06-08,1939.61,0.4057190600367256,0
2023-06-11,1980.09,0.10224274367981755,0
2023-06-12,1987.87,0.16071829802563692,0
2023-06-13,2020.64,0.2637839065159515,0
2023-06-14,2037.06,0.22268651871789422,0
2023-06-15,2042.07,0.4105765825789301,0
2023-06-18,2094.33,0.6767566585978434,1
2023-06-19,2091.39,0.8961098015558788,1
2023-06-20,2064.83,0.8949507683348195,1
2023-06-21,2050.78,0.8558086887380653,1
2023-06-22,2055.53,0.8866857229662876,1
2023-06-25,2117.73,0.9561695869278369,1
2023-06-26,2129.42,0.9463361003991873,1
2023-06-27,2186.36,0.8616186717995314,1
2023-06-28,2150.99,0.8810573181690463,1
2023-07-02,2097.29,0.9490597913348024,1
2023-07-03,2075.97,0.9378241531750731,1
2023-07-04,2088.7,0.8639176848087116,1
2023-07-05,2049.44,0.6905234044480039,1
2023-07-06,2049.38,0.8858247374121502,1
2023-07-09,2077.76,0.8781416774304831,1
2023-07-10,2076.96,0.9868627635453328,1
2023-07-11,2072.24,0.8940672146450073,1
2023-07-12,2097.55,0.9802819128232098,1
2023-07-13,2084.93,0.8910982826793168,1
2023-07-16,2097.09,0.9146495738694987,1
2023-07-17,2144.16,0.8865930539597937,1
2023-07-18,2154.07,0.960749233814562,1
2023-07-19,2165.24,0.9227799508009837,1
2023-07-20,2163.92,0.9123994761891806,1
2023-07-23,2227.16,0.953645822007506,1
2023-07-24,2200.5,0.9664473398311716,1
2023-07-25,2164.31,0.9041958289601757,1
2023-07-26,2156.2,0.8653073889400112,1
2023-07-27,2126.48,0.8691858392686792,1
2023-07-30,2100.34,0.897199094789167,1
2023-07-31,2106.18,0.9651933555873139,1
2023-08-01,2077.58,0.6610905299008716,1
2023-08-02,2086.84,0.7924430334723215,1
2023-08-03,2089.84,0.8648136664353618,1
2023-08-06,2051.47,0.8896501465547776,1
2023-08-07,2048.26,0.8615581475295873,1
2023-08-08,2019.85,0.6005768468294519,1
2023-08-09,2060.91,0.6605335321665365,1
2023-08-10,2066.05,0.7847676100526426,1
2023-08-13,2080.86,0.8138580868311814,1
2023-08-14,2077.24,0.7302991591179603,1
2023-08-15,2045.44,0.8456658732296716,1
2023-08-16,2025.12,0.6691767196958908,1
2023-08-17,2033.13,0.5517544349435552,1
2023-08-20,2011.14,0.6357845519453592,1
2023-08-21,1998.28,0.6267370734254387,1
2023-08-22,2015.98,0.42812210752928076,0
2023-08-23,2045.45,0.34335863374582337,0
2023-08-24,2013.93,0.44483112917351314,0
2023-08-27,1993.38,0.41831693895293587,0
2023-08-28,1998.48,0.35262632997654547,0
2023-08-29,1993.42,0.19749805572491425,0
2023-08-30,1990.59,0.38053537359577017,0
2023-09-03,1960.78,0.30275818809865945,0
2023-09-04,1967.83,0.32368143679573863,0
2023-09-05,1961.37,0.17261447594237386,0
2023-09-07,1932.45,0.26538133965666794,0
2023-09-10,1942.68,0.5862161514072992,1
2023-09-11,1986.99,0.12252322388491352,0
2023-09-12,1967.57,0.102230329126637,0
2023-09-13,2007.06,0.31889695091305853,0
2023-09-17,1964.91,0.6691732213396896,1
2023-09-18,1969.18,0.08598411155600204,0
2023-09-19,1985.43,0.2971930860461534,0
2023-09-21,2029.78,0.7080359757164092,1
2023-09-24,2010.35,0.781915517982165,1
2023-09-25,2004.45,0.39531101217487274,0
2023-09-26,2022.91,0.5987572986044345,1
2023-09-27,2004.3,0.727117929848869,1
2023-10-01,1971.1,0.7275657463381977,1
2023-10-02,1976.29,0.5490898020566344,1
2023-10-03,1958.72,0.3922029492076508,0
2023-10-04,1967.97,0.27430681388809086,0
2023-10-05,1956.92,0.13768931509274254,0
2023-10-08,1921.24,0.4683724231450472,0
2023-10-09,1908.66,0.5605781253276865,1
2023-10-10,1889.59,0.47661250535601896,0
2023-10-11,1894.76,0.4640206395843415,0
2023-10-12,1874.6,0.29669060928545327,0
2023-10-16,1851.43,0.2786183951192246,0
2023-10-17,1864.62,0.2763646893982606,0
2023-10-18,1907.89,0.2151204570373312,0
2023-10-19,1903.84,0.19360794196745365,0
2023-10-29,1875.65,0.033258254496904664,0
2023-10-30,1878.7,0.16345644846684929,0
2023-10-31,1864.4,0.13183710823963724,0
2023-11-01,1858.56,0.21683517417248735,0
2023-11-02,1847.7,0.36597729003396395,0
2023-11-05,1826.23,0.3372798407862366,0
2023-11-06,1847.54,0.23637203791992029,0
2023-11-07,1858.76,0.2787457431126978,0
2023-11-08,1863.94,0.05629942701222801,0
2023-11-09,1852.08,0.07219378721151502,0
2023-11-20,1853.48,0.1672422844213231,0
2023-11-21,1829.65,0.23217638873726776,0
2023-11-22,1850.33,0.4562065353336034,0
2023-11-23,1860.2,0.27028376514101093,0
2023-11-26,1907.95,0.311696714896394,0
2023-11-27,1896.67,0.1922218711253615,0
2023-11-28,1894.53,0.18282961827204589,0
2023-11-29,1876.6,0.4035989653483816,0
2023-11-30,1858.53,0.1892067579230338,0
2023-12-03,1851.23,0.16053226921929237,0
2023-12-04,1847.81,0.18393918038845875,0
2023-12-05,1837.71,0.46300561329442,0
2023-12-06,1841.04,0.3256343343370968,0
2023-12-07,1852.77,0.711530484826588,1
2023-12-10,1963.98,0.1445554930351045,0
2023-12-11,1948.57,0.4729221634053601,0
2023-12-12,1985.44,0.45995649452945336,0
2023-12-13,1988.04,0.33868438981211946,0
2023-12-14,1994.6,0.19207413067339257,0
2023-12-17,2022.35,0.6298963823359562,1
2023-12-18,2060.49,0.6461842291004456,1
2023-12-19,2106.48,0.6158257146114999,1
2023-12-20,2141.87,0.7072694993401315,1
2023-12-21,2109.1,0.7306577310076854,1
2023-12-24,2088.07,0.8721616067621503,1
2023-12-27,2070.84,0.6028589824415346,1
2023-12-28,2068.9,0.7867154405471668,1
2024-01-01,2060.15,0.8614650863337101,1
2024-01-02,2030.1,0.8351593267405094,1
2024-01-03,2058.0,0.9071385646197083,1
2024-01-04,2049.28,0.8783564993018361,1
2024-01-07,2022.92,0.9492019337022887,1
2024-01-08,2059.49,0.9501976507695106,1
2024-01-09,2080.12,0.9755988535131103,1
2024-01-10,2089.62,0.8846440001940707,1
2024-01-11,2088.99,0.9109379108736245,1
2024-01-14,2120.62,0.9253340504785352,1
2024-01-16,2175.17,0.8804930998373511,1
2024-01-17,2163.06,0.7161679738813567,1
2024-01-18,2155.82,0.8042751259628875,1
2024-01-21,2130.18,0.7539507038581609,1
2024-01-22,2098.69,0.9694666758073991,1
2024-01-23,2098.29,0.924951716705734,1
2024-01-24,2088.04,0.9757590394477962,1
2024-01-25,2084.09,0.9858693742700468,1
2024-01-28,2094.46,0.9563880150954195,1
2024-01-29,2104.72,0.9949026320249307,1
2024-01-30,2119.61,0.9932099487202289,1
2024-01-31,2097.93,0.9906628860208047,1
2024-02-01,2067.01,0.961771746408188,1
2024-02-04,2061.7,0.9297720718937098,1
2024-02-05,2076.27,0.9514147807208906,1
2024-02-06,2085.71,0.8995604340026895,1
2024-02-07,2090.64,0.950076553470456,1
2024-02-08,2096.38,0.9543143689672277,1
2024-02-11,2085.82,0.9871288669956109,1
2024-02-12,2101.16,0.9947299439412973,1
2024-02-13,2070.59,0.9637181981190215,1
2024-02-14,2076.5,0.9804767667293803,1
2024-02-15,2062.03,0.9504991819901316,1
2024-02-18,2034.82,0.9466938479079631,1
2024-02-20,2033.06,0.8048386847954719,1
2024-02-21,2026.59,0.8526780657319802,1
2024-02-22,2005.83,0.8554462324540868,1
2024-02-25,1979.02,0.692306905373346,1
2024-02-26,1992.3,0.5295437308840675,1
2024-02-27,2001.64,0.29188405615249907,0
2024-02-28,2000.77,0.5112811813970962,1
2024-02-29,1972.09,0.505735438552241,1
2024-03-03,1960.3,0.357805252021301,0
2024-03-04,2078.0,0.19044575201764996,0
2024-03-05,2007.69,0.7967909764979405,1
2024-03-06,2017.03,0.7773893404635385,1
2024-03-07,2030.55,0.5134665976425421,1
2024-03-10,2052.65,0.7293092582606792,1
2024-03-12,2111.24,0.9023046102712623,1
2024-03-13,2108.72,0.8970845974821475,1
2024-03-14,2080.87,0.8734280107681046,1
2024-03-17,2070.25,0.8188783548349187,1
2024-03-18,2073.53,0.6783028369655042,1
2024-03-19,2067.29,0.7540148666310432,1
2024-03-20,2063.95,0.8778827592058345,1
2024-03-21,2048.57,0.9527926246318539,1
2024-03-25,2031.55,0.8859533318556189,1
2024-03-26,2041.7,0.7917734809842842,1
2024-03-27,2030.86,0.9553896415994856,1
2024-03-28,2035.64,0.8249519147151746,1
2024-03-31,2018.33,0.8229465418268701,1
2024-04-01,2012.07,0.8679429832665633,1
2024-04-02,2010.21,0.6062319278418051,1
2024-04-03,2006.78,0.6886252184935149,1
2024-04-04,2004.05,0.7496830719318786,1
2024-04-07,2026.81,0.7983140155194023,1
2024-04-09,2036.01,0.9041697378626105,1
2024-04-10,2025.3,0.8765444904096759,1
2024-04-14,2023.35,0.7833494269419196,1
2024-04-15,2006.52,0.7598366856720591,1
2024-04-16,1991.71,0.707416009120325,1
2024-04-18,1972.14,0.5720047228890686,1
2024-04-21,1984.43,0.400602055769378,0
2024-04-22,1969.02,0.5268257006259348,1
2024-04-24,1969.17,0.42853502827335116,0
2024-04-25,1965.93,0.6304352747903061,1
2024-04-28,1980.27,0.5516258830890756,1
2024-04-29,1980.34,0.4538414541916989,0
2024-04-30,2006.28,0.7501485120612884,1
2024-05-02,1998.96,0.9066447473359678,1
2024-05-05,1974.37,0.7523767865266472,1
2024-05-06,1958.75,0.5247713346411216,1
2024-05-07,1960.81,0.5938914770327676,1
2024-05-08,1960.6,0.5770491741518159,1
2024-05-09,1966.23,0.530909271683259,1
2024-05-12,1974.5,0.7473707299367117,1
2024-05-13,1998.89,0.7595629234976878,1
2024-05-14,2027.51,0.8026636758864527,1
2024-05-15,2017.97,0.8262560059906073,1
2024-05-16,2018.76,0.8963170839184644,1
2024-05-19,2064.45,0.6870452712214056,1
2024-05-20,2092.0,0.9031110252116444,1
2024-05-21,2115.94,0.9072061528003839,1
2024-05-22,2131.49,0.869846791895229,1
2024-05-26,2109.34,0.944228852436198,1
2024-05-27,2113.27,0.9346148215877982,1
2024-05-29,2089.42,0.8992773833495932,1
2024-05-30,2069.53,0.9116710607089765,1
2024-06-02,2083.04,0.8920942111215556,1
2024-06-03,2079.07,0.9331292257343333,1
2024-06-04,2085.3,0.9667478238603942,1
2024-06-05,2079.71,0.9232832875314942,1
2024-06-06,2077.78,0.9751495763944066,1
2024-06-09,2073.19,0.9486487088462411,1
2024-06-10,2082.09,0.9842970978914407,1
2024-06-11,2115.24,0.9396811905645744,1
2024-06-12,2121.62,0.9539219085237127,1
2024-06-13,2112.29,0.8957047376324705,1
2024-06-16,2095.25,0.8801695088758256,1
2024-06-18,2076.49,0.8952632460735227,1
2024-06-19,2078.76,0.9369415400447387,1
2024-06-20,2068.31,0.9003181579380872,1
2024-06-23,2062.94,0.9791814639960515,1
2024-06-24,2066.16,0.9107816258078565,1
2024-06-25,2071.77,0.8535407883778064,1
2024-06-26,2060.16,0.9782248774232386,1
2024-06-27,2051.92,0.9596753517065028,1
2024-06-30,2037.09,0.8723874515718164,1
2024-07-01,2053.38,0.9386116654224237,1
2024-07-02,2100.43,0.843080554653892,1
2024-07-03,2104.22,0.7883364714498055,1
2024-07-04,2119.69,0.846580884021483,1
2024-07-07,2140.97,0.8863203682512867,1
2024-07-08,2136.35,0.7809461702153863,1
2024-07-09,2152.14,0.8471778339998944,1
2024-07-10,2175.4,0.8520151566461557,1
2024-07-11,2204.61,0.8376752226431471,1
2024-07-14,2257.59,0.9533683201112019,1
2024-07-15,2240.41,0.6014977328221394,1
2024-07-16,2310.59,0.6570465545524783,1
2024-07-17,2364.63,0.8079850167197558,1
2024-07-18,2424.32,0.7670776802433863,1
2024-07-21,2485.94,0.7240171672560592,1
2024-07-22,2488.09,0.8084398571717241,1
2024-07-23,2563.43,0.6263497757544397,1
2024-07-24,2536.11,0.6219185843187062,1
2024-07-25,2568.11,0.883591768927378,1
2024-07-28,2681.56,0.7741429534933278,1
2024-07-29,2661.09,0.5930519403783708,1
2024-07-30,2696.65,0.4155114062346812,0
2024-07-31,2760.9,0.29235690798944525,0
2024-08-01,2755.62,0.44321866394128134,0
2024-08-05,2796.38,0.6189053279637792,1
2024-08-06,2651.32,0.6888158280149951,1
2024-08-07,2759.67,0.6453325660368667,1
2024-08-08,2766.38,0.6848576034655931,1
2024-08-11,2860.91,0.4599524759614841,0
2024-08-12,2931.65,0.6118028583711442,1
2024-08-13,2923.46,0.33599769750370867,0
2024-08-14,2957.75,0.5139139416485556,1
2024-08-15,3000.81,0.2798473338027948,0
2024-08-18,2966.33,0.3936969603305505,0
2024-08-21,2968.44,0.5097478935300058,1
2024-08-22,2974.46,0.4777121189004869,0
2024-08-25,2894.57,0.1869956065679191,0
2024-08-27,2782.6,0.35253967496810157,0
2024-08-28,2786.4,0.3612908186746475,0
2024-08-29,2749.57,0.658493661665197,1
2024-09-01,2695.93,0.17284880688132181,0
2024-09-02,2823.25,0.5250047344406199,1
2024-09-03,2830.16,0.49201283136319734,0
2024-09-04,2739.46,0.8533952849403413,1
2024-09-05,2727.36,0.6521584962625746,1
2024-09-08,2701.9,0.39985066403140607,0
2024-09-09,2646.03,0.2520414098017733,0
2024-09-10,2632.94,0.30684918409045653,0
2024-09-11,2610.21,0.3001366543644587,0
2024-09-12,2688.38,0.2856943874323547,0
2024-09-15,2637.79,0.5082362868500384,1
2024-09-16,2580.76,0.27868248795193595,0
2024-09-18,2576.76,0.7288789582683005,1
2024-09-22,2588.35,0.6138825695760448,1
2024-09-23,2529.33,0.6169954772284845,1
2024-09-24,2470.39,0.46318258176440885,0
2024-09-25,2519.57,0.5995005805716092,1
2024-09-26,2486.76,0.7579422290303003,1
2024-09-29,2464.4,0.8456278517347924,1
2024-09-30,2508.86,0.9018836293774343,1
2024-10-01,2623.56,0.7716787523325774,1
2024-10-02,2597.49,0.9463771144346126,1
2024-10-06,2653.58,0.8800705608217005,1
2024-10-07,2690.72,0.9013571876551448,1
2024-10-08,2663.32,0.9484799063879871,1
2024-10-09,2668.17,0.94252951863192,1
2024-10-15,2699.66,0.9096268525713229,1
2024-10-16,2742.88,0.7448926178555271,1
2024-10-17,2745.36,0.552274654814718,1
2024-10-20,2697.91,0.3769984756844957,0
2024-10-21,2639.92,0.14904843751038493,0
2024-10-22,2665.81,0.47580117628302665,0
2024-10-23,2645.39,0.24783935991922723,0
2024-10-24,2627.14,0.2787154719596373,0
2024-10-27,2617.95,0.3406110258773087,0
2024-10-28,2645.36,0.11281708145022275,0
2024-10-29,2692.05,0.4501750761753593,0
2024-10-30,2677.62,0.24937236988867145,0
2024-11-05,2677.4,0.3980237581356066,0
2024-11-06,2675.51,0.48713212025259506,0
2024-11-10,2738.06,0.78611563921722,1
2024-11-11,2760.21,0.7775795227458618,1
2024-11-12,2748.96,0.36350721237909267,0
2024-11-13,2734.83,0.26923239332759236,0
2024-11-14,2748.78,0.2545916611330403,0
2024-11-17,2753.76,0.7519362351743755,1
2024-11-19,2702.65,0.29020842118523493,0
2024-11-20,2711.75,0.3769855636520233,0
2024-11-21,2680.44,0.24737366946309225,0
2024-11-24,2667.4,0.27291777738032275,0
2024-11-25,2683.24,0.2297917124385235,0
2024-11-26,2716.66,0.44447165299028224,0
2024-11-27,2755.47,0.4851809777599463,0
2024-11-28,2748.05,0.6863848287957051,1
2024-12-01,2738.06,0.22437362736302652,0
2024-12-02,2758.04,0.6102965400906599,1
2024-12-03,2775.85,0.2832663906489683,0
2024-12-04,2750.87,0.7588846944356621,1
2024-12-05,2734.93,0.20222801177217686,0
2024-12-08,2689.0,0.16563583423158043,0
2024-12-09,2676.15,0.2703102198085711,0
2024-12-10,2669.82,0.48193074643766487,0
2024-12-11,2715.71,0.3418790946582763,0
2024-12-12,2682.29,0.40831602579229187,0
2024-12-16,2630.91,0.18965823552069003,0
2024-12-17,2633.87,0.3349725623026001,0
2024-12-18,2628.26,0.2890136933485294,0
2024-12-19,2596.82,0.34504866477476187,0
2024-12-22,2583.29,0.8179652829357817,1
2024-12-23,2612.2,0.7578949409019126,1
2024-12-24,2626.31,0.46727010460763013,0
2024-12-26,2630.71,0.3496983531779253,0
2024-12-29,2609.58,0.384047333193157,0
2024-12-31,2576.5,0.8340479237809193,1
2025-01-01,2581.6,0.8002001530104358,1
2025-01-02,2586.23,0.712108064149677,1
2025-01-05,2591.56,0.6737824532340069,1
2025-01-06,2640.68,0.32798090586889683,0
2025-01-07,2646.84,0.4508767352354966,0
2025-01-08,2653.38,0.5153802518791677,1
2025-01-09,2635.09,0.41975538094508597,0
2025-01-12,2609.67,0.3082078251037895,0
2025-01-13,2594.13,0.7716155283263818,1
2025-01-15,2595.96,0.5874543011973694,1
2025-01-16,2588.62,0.6550634373783768,1
2025-01-19,2601.21,0.5524303078390256,1
2025-01-20,2607.99,0.41534908460893116,0
2025-01-21,2613.08,0.6892866649493851,1
2025-01-22,2665.45,0.4080735134412693,0
2025-01-23,2654.35,0.49102987104259765,0
2025-01-26,2643.93,0.7439644314707424,1
2025-01-27,2633.32,0.4987065357934687,0
2025-01-28,2657.77,0.4637312716457889,0
2025-02-02,2727.58,0.8497225607885032,1
2025-02-03,2730.0,0.8718904454168194,1
2025-02-04,2715.91,0.1615820768967475,0
2025-02-05,2711.45,0.3608915210144368,0
2025-02-06,2699.81,0.31015449046595756,0
2025-02-09,2688.31,0.38540778325634767,0
2025-02-10,2677.32,0.29609556703262874,0
2025-02-11,2683.86,0.31944951534841226,0
2025-02-12,2685.73,0.4427052456456014,0
2025-02-13,2678.47,0.30956512917484535,0
2025-02-16,2698.03,0.4460356218436256,0
2025-02-17,2727.91,0.6865740781662727,1
2025-02-18,2739.82,0.40063554397566675,0
2025-02-20,2743.74,0.5755603175382245,1
2025-02-23,2755.4,0.7368279969597302,1
2025-02-24,2758.75,0.7794553996055759,1
2025-02-25,2765.88,0.7059401294052663,1
2025-02-27,2815.04,0.7054167590119449,1
2025-03-02,2890.28,0.95797661433416,1
2025-03-03,2876.66,0.9443803909100851,1
2025-03-04,2846.3,0.8820256154396389,1
2025-03-05,2821.13,0.549764803408536,1
2025-03-06,2818.43,0.3521602868016968,0
2025-03-09,2772.1,0.3863606478028204,0
2025-03-10,2751.42,0.17891023060584188,0
2025-03-11,2719.2,0.3491693763338961,0
2025-03-12,2736.48,0.33674272448531894,0
2025-03-16,2714.85,0.3045940597833202,0
2025-03-17,2704.7,0.4720421932829006,0
2025-03-18,2697.04,0.7501291394484392,1
2025-03-19,2682.15,0.47508591954464663,0
2025-03-20,2669.31,0.44735338659408075,0
2025-03-23,2614.68,0.15514258464794095,0
2025-03-24,2640.78,0.5277907862927781,1
2025-03-25,2582.73,0.5936814814065247,1
2025-03-26,2621.86,0.585497055854944,1
2025-03-27,2663.3,0.16548919153987432,0
2025-03-30,2693.12,0.19767431653918655,0
2025-04-01,2676.17,0.5741643406547541,1
2025-04-02,2700.04,0.5941287412582288,1
2025-04-03,2703.39,0.38255946697039855,0
2025-04-07,2670.06,0.31860951229326784,0
2025-04-08,2666.61,0.3036918966040182,0
2025-04-09,2676.28,0.2730374786699334,0
2025-04-10,2670.7,0.23797810287138152,0
2025-04-13,2662.08,0.154238012066513,0
2025-04-15,2689.22,0.10110795263624536,0
2025-04-16,2696.23,0.2134054961441335,0
2025-04-17,2722.73,0.6506106881909576,1
2025-04-20,2706.04,0.17835352087564446,0
2025-04-21,2698.28,0.18030439195320655,0
2025-04-22,2688.32,0.40404139111402465,0
2025-04-23,2655.94,0.25533218655627016,0
2025-04-24,2658.02,0.33488427307850016,0
2025-04-27,2661.6,0.2891524978015418,0
2025-04-28,2647.07,0.22689934315484106,0
2025-04-29,2631.98,0.3475575509448395,0
2025-04-30,2623.83,0.12376676141738777,0
2025-05-04,2620.39,0.1610060301272703,0
2025-05-05,2610.4,0.260777692724434,0
2025-05-06,2611.43,0.31154135453091697,0
2025-05-07,2673.69,0.30718078330904586,0
2025-05-08,2661.64,0.7640449604337032,1
2025-05-11,2649.11,0.5737100020812553,1
2025-05-13,2634.23,0.5221855096451654,1
2025-05-14,2620.27,0.1802638755174133,0
2025-05-15,2611.85,0.3000092715137704,0
2025-05-18,2609.05,0.233136181722536,0
2025-05-19,2628.36,0.33567632720112517,0
2025-05-20,2677.45,0.43255315923811,0
2025-05-21,2669.51,0.8591662454826215,1
2025-05-22,2688.55,0.7441657934368126,1
2025-05-25,2679.98,0.506373233617944,1
2025-05-26,2674.76,0.41559507041253624,0
2025-05-27,2675.62,0.45287476255808584,0
2025-05-28,2693.06,0.4908032106135864,0
2025-06-02,2694.66,0.3718804764957276,0
2025-06-03,2658.93,0.1908366887073404,0
2025-06-04,2646.95,0.3048804587921551,0
2025-06-05,2640.96,0.5116538408387186,1
2025-06-08,2629.89,0.20603484811736217,0
2025-06-09,2653.09,0.18685772019484467,0
2025-06-10,2678.17,0.4486747354648956,0
2025-06-11,2664.47,0.2763743967640085,0
2025-06-12,2655.38,0.6540005878214522,1
2025-06-15,2655.85,0.7253381910131368,1
2025-06-16,2658.66,0.7673769598944411,1
2025-06-17,2654.75,0.6814796590216206,1
2025-06-18,2653.68,0.6135550658962933,1
2025-06-19,2628.91,0.7081088485840936,1
2025-06-22,2595.97,0.34641276174359237,0
2025-06-23,2600.76,0.7301730600907606,1
2025-06-24,2600.53,0.16430646616643385,0
2025-06-25,2600.2,0.4173805757173211,0
2025-06-26,2595.74,0.5820604268869078,1
2025-06-29,2622.28,0.43089172608910187,0
2025-06-30,2631.48,0.18355855522114453,0
2025-07-01,2660.39,0.5527643879066039,1
2025-07-02,2694.82,0.7994842531069706,1
2025-07-03,2703.96,0.6105652394310438,1
2025-07-06,2706.36,0.28754240791681557,0
2025-07-07,2684.01,0.3628422799821566,0
2025-07-08,2683.86,0.26389008770434863,0
2025-07-09,2705.9,0.32061525824452985,0
2025-07-10,2731.8,0.276749279544859,0
2025-07-13,2760.8,0.8572922981692226,1
2025-07-14,2725.71,0.32603476764304334,0
2025-07-15,2760.17,0.2952574107899162,0
2025-07-16,2794.78,0.8361586019809448,1
2025-07-17,2870.63,0.6097361296721792,1
2025-07-20,2870.95,0.6814515682793773,1
2025-07-21,2892.72,0.737568244992327,1
2025-07-22,2973.7,0.6155646192605148,1
2025-07-23,2978.88,0.6950934841529577,1
2025-07-24,2982.64,0.6524255347653398,1
2025-07-27,2964.2,0.833743343302398,1
2025-07-28,2971.31,0.5666605676902728,1
2025-07-29,3002.07,0.44383123538394864,0
2025-07-30,2954.14,0.23416078946781543,0
2025-07-31,2922.63,0.13381126294543047,0
2025-08-03,2858.9,0.17233106996335415,0
2025-08-04,2875.36,0.09234652957048836,0
2025-08-05,2834.0,0.1085919246545792,0
2025-08-06,2832.06,0.2548658375255021,0
2025-08-07,2850.37,0.05416229087439944,0
2025-08-11,2822.46,0.2101712490079046,0
2025-08-12,2796.24,0.4117670803038051,0
2025-08-13,2785.74,0.4070870164790957,0
2025-08-14,2788.36,0.25711224894467194,0
2025-08-17,2761.22,0.45789085463425916,0
2025-08-18,2770.39,0.3926128885470381,0
2025-08-19,2776.9,0.4107788248701602,0
2025-08-20,2767.2,0.49119283730337454,0
2025-08-21,2757.97,0.3445751902787258,0
2025-08-24,2739.95,0.2911443519219487,0
2025-08-25,2761.26,0.24504794930651883,0
2025-08-26,2766.09,0.470921299610072,0
2025-08-27,2819.1,0.6685417373207075,1
2025-08-28,2781.0,0.829391819475213,1
2025-08-31,2749.83,0.4581263075207431,0
2025-09-01,2761.86,0.2112755672679355,0
2025-09-02,2741.97,0.3127929519104535,0
2025-09-03,2726.33,0.20412952670877235,0
2025-09-04,2719.77,0.18035182113519874,0
2025-09-07,2708.25,0.36766296067904225,0
2025-09-08,2672.25,0.2147115495223939,0
2025-09-18,2511.91,0.029018403663296163,0
2025-09-21,2623.62,0.3462473072588248,0
2025-09-23,2682.25,0.22043279924019485,0
2025-09-24,2654.35,0.5175466786098107,1
2025-09-25,2652.0,0.2554117582345861,0
2025-09-28,2663.51,0.4713633812158537,0
2025-10-07,2604.96,0.7755488751354039,1
2025-10-08,2559.59,0.9256239599861521,1
2025-10-09,2582.18,0.9195468000752812,1
2025-10-12,2503.35,0.47823756592447925,0
2025-10-13,2547.6,0.6464987853031204,1
2025-10-14,2528.16,0.5794075876657532,1
2025-10-15,2505.58,0.3248877418106103,0
2025-10-16,2487.17,0.2845216573426356,0
2025-10-19,2503.85,0.5149164997005302,1
2025-10-26,2509.04,0.208605502814481,0
2025-10-28,2571.34,0.5136193384501162,1
2025-10-29,2566.16,0.6259014932015835,1
2025-10-30,2600.38,0.5554069222054988,1
2025-11-02,2631.14,0.8808841082878404,1
2025-11-03,2622.89,0.8781123780678486,1
2025-11-04,2595.24,0.8957189200098986,1
2025-11-05,2607.42,0.9178850965647413,1
2025-11-06,2596.12,0.9507808282334981,1
2025-11-09,2566.09,0.8737529250623857,1
2025-11-10,2561.94,0.7204529808426928,1
2025-11-11,2565.16,0.8428758122910488,1
2025-11-12,2544.59,0.8147556359529703,1
2025-11-13,2545.73,0.8302706939429843,1
2025-11-16,2540.57,0.8183697218358087,1
2025-11-17,2550.36,0.8570090699917542,1
2025-11-18,2566.07,0.772213757220347,1
2025-11-19,2561.08,0.9088219827937833,1
2025-11-20,2560.29,0.9086606380183367,1
2025-11-23,2600.22,0.9283496690234624,1
2025-11-24,2650.66,0.7483680459700921,1
2025-11-25,2655.99,0.7269949057358689,1
2025-11-26,2665.6,0.6897786915579317,1
2025-11-27,2676.03,0.7050082505139057,1
2025-11-30,2649.52,0.7424586486484309,1
2025-12-01,2645.24,0.44166901094553296,0
2025-12-02,2644.7,0.4552811402664673,0
2025-12-03,2631.17,0.35593965127813904,0
2025-12-07,2609.69,0.3875733059486021,0
2025-12-08,2606.67,0.48050134676654077,0
2025-12-09,2614.07,0.4083460747533306,0
2025-12-10,2609.03,0.5470563266094708,1
2025-12-11,2607.37,0.5391229020740902,1
2025-12-14,2594.87,0.672948543898057,1
2025-12-15,2601.61,0.5500026076306772,1
2025-12-16,2619.99,0.20576182439356894,0
2025-12-17,2625.69,0.2709096830550161,0
2025-12-18,2615.03,0.18561362314344254,0
2025-12-21,2595.1,0.8061517313105577,1
2025-12-22,2581.21,0.6704900230816127,1
2025-12-23,2584.49,0.42995116990453885,0
2025-12-24,2585.87,0.4203865811814077,0
